"molregno","gene_id","tool_score","strength","selectivity","investigation_bias","wilcox_pval","IC50_diff","ontarget_IC50_Q1","offtarget_IC50_Q1","ontarget_IC50_N","offtarget_IC50_N","N_total"
250,1432,7.08245636584212,8,0.885307045730265,0.0578661844484629,1e-15,2.14136196491777,28.75,3981.07,64,1042,1106
250,8767,5.52180919665499,8,0.690226149581874,0.0054249547920434,1.20805867444407e-05,2.24472781623963,18,3162.28,6,1100,1106
250,2580,5.41810076945108,8,0.677262596181385,0.00452079566003617,3.64422211140537e-05,2.22124672039011,19,3162.28,5,1101,1106
250,5600,6.20885498127053,8,0.776106872658816,0.0144665461121157,1.37415001230162e-11,1.85596832148268,46.5,3337.5,16,1090,1106
250,1453,5.14013759118972,8,0.642517198898715,0.00452079566003617,4.76329085415834e-05,1.93179859727594,37,3162.28,5,1101,1106
250,5603,5.42729423124239,8,0.678411778905298,0.0108499095840868,4.92579643659631e-07,1.87675103094503,42,3162.28,12,1094,1106
250,6300,5.79448225068024,8,0.72431028133503,0.0126582278481013,3.49187769666219e-09,1.86537902037871,43.5,3190.57,14,1092,1106
250,5602,5.36583137808399,8,0.670728922260499,0.00632911392405063,3.17631213918627e-06,1.95593227699266,35,3162.28,7,1099,1106
14785,2064,5.57241656065192,8,0.696552070081491,0.0262443438914027,1.02718405930296e-11,1.1500313166144,134.5,1900,29,1076,1105
14785,1956,8.18638061621416,8,1.02329757702677,0.0723981900452489,1e-15,3.42687276337668,0.94,2511.89,80,1025,1105
14785,25,6.09900500558868,8,0.762375625698585,0.0289592760180995,1.29140158346061e-14,1.17047072225821,134.75,1995.26,32,1073,1105
14785,2580,5.77910278486908,8,0.722387848108635,0.00452488687782805,9.28668444454378e-05,2.70863743136252,3.1,1584.89,5,1100,1105
14785,2065,6.61542789789004,8,0.826928487236255,0.00452488687782805,0.00021613949060193,3.72287787047713,0.3,1584.89,5,1100,1105
14805,2064,8.08196923806361,8,1.01024615475795,0.0208955223880597,1e-15,3.15490195998574,7,10000,21,984,1005
14805,1956,8.37466549784506,8,1.04683318723063,0.0437810945273632,1e-15,3.55284196865778,2.8,10000,44,961,1005
14805,2066,5.77326924135975,8,0.721658655169969,0.00398009950248756,2.92119702373569e-05,2.59998036493484,25.12,10000,4,1001,1005
27072,6532,5.57483325498314,8,0.696854156872893,0.117647058823529,0.0135230697575648,3.25084364598862,5.6125,10000,2,15,17
373381,6793,5.01404595342654,8,0.626755744178318,0.00190234622701332,0.00142079768243456,2.07701518429112,0.0335,4,3,1574,1577
373381,9748,5.17926392579988,8,0.647407990724985,0.00190234622701332,0.00136864802957228,2.25963731050576,0.022,4,3,1574,1577
436277,2322,5.82955806791487,8,0.728694758489358,0.0181297709923664,4.5054173143924e-10,1.74338914412443,6.5,360,19,1029,1048
436277,6790,7.76968308779444,8,0.971210385974305,0.0276717557251908,1e-15,2.82390874094432,0.6,400,29,1019,1048
436277,202,6.2556391235747,8,0.781954890446838,0.0248091603053435,3.04633443727607e-13,1.60877701093525,9.8,398.11,26,1022,1048
436277,9212,6.2556391235747,8,0.781954890446838,0.0248091603053435,3.04633443727607e-13,1.60877701093525,9.8,398.11,26,1022,1048
436277,6795,5.92560360391284,8,0.740700450489105,0.0133587786259542,7.76433914126703e-10,1.88440128964584,4.6,352.5,14,1034,1048
436277,25,6.1984312782764,8,0.77480390978455,0.0248091603053435,2.089760443966e-12,1.71168196985216,7.575,390,26,1022,1048
1993082,5340,5.65519498293991,8,0.706899372867489,0.0833333333333333,0.012053194931552,3.22831479186559,0.6,1015,2,22,24
1836989,2915,5.21888872749036,8,0.652361090936295,0.111111111111111,3.34088220630894e-05,2.30935538444811,15.5,3160,2,16,18
514407,3702,5.45682410343976,8,0.68210301292997,0.0449438202247191,0.000417736846695261,2.59793913386883,4,1584.89,4,85,89
1142932,6868,5.60062822249315,8,0.700078527811644,0.125,0.0158476932451856,3.31569996154875,0.815,1686,2,14,16
71663,1017,5.46058920978916,8,0.682573651223645,0.00884955752212389,8.40872142394046e-06,2.15465752653801,44,6282.1775,8,896,904
71663,2932,5.24889714430659,8,0.656112143038323,0.00331858407079646,0.000211400649317376,2.17998630293921,37,5600,3,901,904
71663,1025,6.66532249003439,8,0.833165311254298,0.00884955752212389,5.34222058682891e-09,2.87058083717635,8.5,6309.57,8,896,904
71663,1019,5.20545245493455,8,0.650681556866819,0.00553097345132743,2.24334856786765e-05,1.94290628391521,69,6050,5,899,904
71663,1022,5.67749593080657,8,0.709686991350822,0.00553097345132743,2.71074828407707e-06,2.2903936808182,31,6050,5,899,904
71663,5129,5.02325945922866,8,0.627907432403583,0.00221238938053097,0.00171654998249556,2.10473535052001,44,5600,2,902,904
71663,5127,5.75476483455775,8,0.719345604319719,0.00221238938053097,0.00120478723197623,2.89692967828713,7.1,5600,2,902,904
71663,2931,5.36865829708626,8,0.671082287135783,0.00331858407079646,0.000180579437613844,2.30102999566398,28,5600,3,901,904
71663,5128,5.51607793176988,8,0.689509741471235,0.00221238938053097,0.00128854374353349,2.63424467469936,13,5600,2,902,904
387990,5294,5.56746994361098,8,0.695933742951373,0.00440528634361234,0.000447940954089894,2.60686369973078,24.725,10000,2,452,454
387990,5290,6.8388302335508,8,0.85485377919385,0.0242290748898678,3.73898179893415e-14,2.08092190762393,83,10000,11,443,454
77749,1066,5.27700359809365,8,0.659625449761706,0.105263157894737,0.0141241009894136,2.88241068437397,2.5,1907,2,17,19
299120,1956,8.79863286273018,8,1.09982910784127,0.0428265524625268,1e-15,4.02694162795903,0.625,6650,20,447,467
299120,2064,6.82534506766971,8,0.853168133458713,0.0149892933618844,3.70992588142601e-07,3.43735412784817,2,5475,7,460,467
299120,6788,5.23399473591443,8,0.654249341989304,0.00428265524625268,0.00394622738798478,2.42032846491959,19.375,5100,2,465,467
688347,2159,5.66469542765667,8,0.708086928457083,0.181818181818182,0.0101582914688423,3.5196010355191,9.975,33000,2,9,11
1177420,2914,5.49576446610075,8,0.686970558262593,0.153846153846154,0.00253119878605162,3.1249387366083,7.5,10000,2,11,13
338094,6790,5.46914276405246,8,0.683642845506557,0.111111111111111,0.00287093468341366,2.97772360528885,1,950,3,24,27
359579,2159,6.43133762870598,8,0.803917203588248,0.166666666666667,0.0193966926224262,4.39280036901963,0.17,4200,2,10,12
1427194,2932,5.45213899788887,8,0.681517374736109,0.133333333333333,0.00812401460046221,3.1156105116743,20,26100,2,13,15
371147,2322,7.84685627746949,8,0.980857034683686,0.0173116089613035,1.0638837408038e-14,3.08502697337212,2.6,3162.28,17,965,982
371147,3791,6.82470104518046,8,0.853087630647557,0.0112016293279022,4.75303725946174e-10,2.84678780756759,4.5,3162.28,11,971,982
371147,2321,5.85537620200207,8,0.731922025250258,0.00610997963340122,1.08587154535139e-05,2.61278385671974,7.5,3075,6,976,982
371147,3815,7.67574280458464,8,0.95946785057308,0.0173116089613035,3.62346623044634e-13,3.19897032567895,2,3162.28,17,965,982
371147,5156,5.73177102809816,8,0.716471378512269,0.00305498981670061,0.000882727685028833,2.84657272558026,4.2,2950,3,979,982
371147,1436,6.0056851791585,8,0.750710647394812,0.00407331975560081,8.91164022462833e-05,2.95860731484178,3.3,3000,4,978,982
371147,2324,5.533226979903,8,0.691653372487875,0.00509164969450102,4.83839271615504e-05,2.3770955246118,12.59,3000,5,977,982
371147,5159,6.20897139144373,8,0.776121423930466,0.00407331975560081,0.000101221879161929,3.19836765376683,1.9,3000,4,978,982
371147,4593,5.25097671291724,8,0.656372089114655,0.00203665987780041,0.00555515372129544,2.46239799789896,10,2900,2,980,982
603516,1017,6.16767493686555,8,0.770959367108194,0.0377358490566038,0.00151835715168841,3.48811663902113,3.25,10000,2,51,53
94194,1814,5.91409157028026,8,0.739261446285033,0.181818181818182,0.0178092395307721,3.8489366370451,0.317,2238.7,2,9,11
597154,5734,5.33759335514401,8,0.667199169393001,0.166666666666667,0.0330962898610967,3.208748386838,1.4,2264,2,10,12
1836990,2915,5.18894818242141,8,0.648618522802676,0.111111111111111,3.34088220630894e-05,2.27567227124554,16.75,3160,2,16,18
40183,2147,5.12472487109482,8,0.640590608886853,0.105263157894737,0.00394554157746207,2.60032627851896,3.1375,1250,2,17,19
705446,2475,5.04215736282135,8,0.630269670352669,0.176470588235294,0.00483350612909702,2.73869125260663,0.355,194.5,3,14,17
1275168,4322,5.10168398867292,8,0.637710498584115,0.157894736842105,0.00120023752229014,2.62893213772826,23.5,10000,3,16,19
370922,1111,5.08195682876968,8,0.63524460359621,0.0238095238095238,0.00798182691225861,2.36905046494946,8.53,1995.26,2,82,84
378628,8317,5.00579842181184,8,0.62572480272648,0.0234741784037559,9.7785852660925e-05,1.90000096515347,10,794.33,5,208,213
1336035,10013,5.63689175259595,8,0.704611469074493,0.183098591549296,6.41048734825758e-09,2.25217720579818,15,2680.825,13,58,71
1175246,4233,5.01971365939797,8,0.627464207424747,0.0133779264214047,0.000439481578230721,2.01589978117689,7.65775,794.33,4,295,299
62111,6714,6.7993757258712,8,0.8499219657339,0.0478011472275335,7.27735745277681e-14,2.16509587475422,1.2,175.5,25,498,523
62111,25,7.97615988386667,8,0.997019985483334,0.0382409177820268,3.6484400202533e-14,3.40032406487976,0.0545,137,20,503,523
62111,11183,5.20128349109308,8,0.650160436386635,0.00382409177820268,0.00834082756088255,2.44715803134222,0.35,98,2,521,523
265025,3352,5.86423535475068,8,0.733029419343835,0.105263157894737,0.000279679162423192,3.20238626984692,0.6275,1000,2,17,19
565613,2053,5.14329642940508,8,0.642912053675634,0.2,0.0209897637962817,3.05060999335509,22.25,25000,2,8,10
88936,1956,5.18637917480437,8,0.648297396850546,0.192307692307692,0.000879305890626973,2.8004276450948,3.8,2400,5,21,26
330282,3351,5.58153182890787,8,0.697691478613483,0.0909090909090909,0.00488981994870873,3.08980915384341,4.6,5656.75,2,20,22
1959075,142,7.00784411372154,8,0.875980514215193,0.046875,2.81815785143828e-12,2.71444269099223,19.3,10000,3,61,64
72191,100,6.06638204112375,8,0.758297755140469,0.2,0.000732221685801374,3.79760831366292,2.875,18040.4,4,16,20
602271,4233,7.4199842456438,8,0.927498030705475,0.033271719038817,1.14047990420993e-14,2.65871496090731,1.525,695,18,523,541
602271,238,5.64656398362849,8,0.705820497953561,0.0536044362292052,1.5048502727166e-10,1.54869644853235,20,707.5,29,512,541
602271,6098,5.23151126660815,8,0.653938908326019,0.00739371534195933,0.000621130481196596,2.26626788940477,3.25,600,4,537,541
249967,2159,5.756307008385,8,0.719538376048125,0.153846153846154,0.0185787107720508,3.591186960734,0.91,3550,2,11,13
493539,4322,7.01021778416237,8,0.876277223020296,0.166666666666667,0.000210260273105918,4.65104645201884,0.67,30000,4,20,24
88232,1956,8.36420261435127,8,1.04552532679391,0.064878892733564,1e-15,3.60436461934587,0.99,3981.07,75,1081,1156
88232,2580,5.46233930690615,8,0.682792413363268,0.00346020761245675,0.000201630095721349,2.41642341436605,11.5,3000,4,1152,1156
24798,5156,6.35752585600256,8,0.79469073200032,0.0869565217391304,0.00860140176877245,4,10,1e+05,2,21,23
24798,5159,6.35752585600256,8,0.79469073200032,0.0869565217391304,0.00860140176877245,4,10,1e+05,2,21,23
78560,2932,5.5340606441821,8,0.691757580522762,0.0451977401129944,1.52283187010049e-06,2.19794183649001,4,630.96,8,169,177
331628,5159,5.46978400492348,8,0.683723000615435,0.0425531914893617,0.00860456891291634,2.86811240343637,4.2,3100,2,45,47
573133,1436,6.79913571905656,8,0.849891964882069,0.00470035252643948,1.5711615268012e-08,3.10237290870956,7.9,10000,4,847,851
573133,2322,8.64477753728665,8,1.08059719216083,0.0235017626321974,1e-15,3.79588001734407,1.6,10000,20,831,851
573133,5979,7.87706274942531,8,0.984632843678163,0.0082256169212691,7.35062611496972e-14,3.25963731050576,5.5,10000,7,844,851
573133,3815,8.24887187047226,8,1.03110898380903,0.0129259694477086,1e-15,3.31875876262441,4.8,10000,11,840,851
573133,2321,5.5084639905908,8,0.68855799882385,0.00470035252643948,7.59391062393241e-05,2.38721614328026,41,10000,4,847,851
573133,3791,5.94654353658565,8,0.743317942073206,0.00587544065804935,5.82055950836326e-09,2.06048074738138,87,10000,5,846,851
573133,5159,6.94086050146198,8,0.867607562682748,0.00470035252643948,8.58953357725327e-09,3.2093630380683,6.175,10000,4,847,851
573133,780,5.49396913125138,8,0.686746141406423,0.00352526439482961,3.1704402754994e-06,2.09151498112135,81,10000,3,848,851
573133,5156,6.76874829349293,8,0.846093536686617,0.00470035252643948,1.47980681779927e-08,3.06298389253519,8.65,10000,4,847,851
573133,2324,5.78571855178556,8,0.723214818973196,0.00352526439482961,2.18039359041258e-06,2.38721614328026,41,10000,3,848,851
582954,5581,5.00784327328762,8,0.625980409160952,0.00966183574879227,0.0167495644410397,2.3076098933031,6.2,1258.93,2,205,207
582954,5580,5.65858335797433,8,0.707322919746792,0.00966183574879227,0.0090330045218132,2.98605823049451,1.3,1258.93,2,205,207
582954,5583,5.0233407470698,8,0.627917593383725,0.00966183574879227,0.014864130188133,2.31467174779058,6.1,1258.93,2,205,207
582954,5588,5.96698552489431,8,0.745873190611789,0.0144927536231884,0.00144944988870136,3.18857761742506,0.8155,1258.93,3,204,207
582954,5566,5.45647959390869,8,0.682059949238587,0.0144927536231884,0.00952406652478336,2.77778228806743,2.1,1258.93,3,204,207
582954,5578,5.44911933842354,8,0.681139917302943,0.00966183574879227,0.0123790587900302,2.77778228806743,2.1,1258.93,2,205,207
349491,1803,5.58310395004362,8,0.697887993755453,0.181818181818182,0.0192060805626917,3.48313423850219,13.15,40000,2,9,11
41764,2064,6.01116791144762,8,0.751395988930952,0.00835322195704057,5.62201732042532e-07,2.53760200210104,8.7,3000,7,831,838
41764,1956,9.07223067456852,8,1.13402883432107,0.0346062052505967,1e-15,4.31007812464138,0.19,3880,29,809,838
41764,2066,5.50483221850914,8,0.688104027313643,0.0035799522673031,0.000560350577708933,2.55336806742824,8.25,2950,3,835,838
41764,25,6.79659023920459,8,0.849573779900573,0.0346062052505967,1e-15,1.74998263485695,69,3880,29,809,838
41764,640,5.00838814736779,8,0.626048518420974,0.00477326968973747,0.000119647771951383,1.86433739799993,41,3000,4,834,838
338477,3791,5.43134822275081,8,0.678918527843852,0.111111111111111,5.14037290117626e-05,2.585799009013,2.5,963.25,7,56,63
350235,3702,5.68161931529759,8,0.710202414412198,0.0606060606060606,0.00818055170723784,3.15619643033874,16.75,24000,2,31,33
371224,2322,5.00312188214718,8,0.625390235268398,0.0136054421768707,0.0100805992936545,2.27002571430044,5.37,1000,2,145,147
371224,3791,5.17503220454315,8,0.646879025567894,0.0136054421768707,0.00921449411494028,2.45562185604219,3.5025,1000,2,145,147
1270213,1432,6.18185317379094,8,0.772731646723868,0.0125786163522013,5.15097594375782e-05,3.13469857389746,22,30000,2,157,159
144959,5579,6.44939097406638,8,0.806173871758297,0.0060313630880579,8.57402674734079e-07,3.06029590188725,4.7,5400,5,824,829
144959,5292,5.4091235848162,8,0.676140448102025,0.0060313630880579,2.77565024637698e-06,1.99203107032872,55,5400,5,824,829
144959,5588,6.13883841667554,8,0.767354802084443,0.00241254523522316,0.00110647651727955,3.32221929473392,2.5,5250,2,827,829
144959,5580,6.16525467434133,8,0.770656834292666,0.00361881785283474,0.000140157545816103,3.17609125905568,3.6,5400,3,826,829
144959,415116,5.51253066922385,8,0.689066333652981,0.00241254523522316,0.00144782840854503,2.64097805735833,12,5250,2,827,829
144959,5581,5.68137263545658,8,0.710171579432072,0.00361881785283474,0.000277333307481489,2.69100107466474,11,5400,3,826,829
650126,1956,9.52745608298135,8,1.19093201037267,0.0451612903225806,1e-15,4.85387196432176,0.14,10000,21,444,465
650126,2064,7.19956865285891,8,0.899946081607364,0.010752688172043,6.85466171528428e-08,3.69897000433602,2,10000,5,460,465
650126,2066,6.49659808037735,8,0.812074760047168,0.0043010752688172,0.0003811724244604,3.63780036113111,2.3025,10000,2,463,465
1283942,8317,5.54913421507422,8,0.693641776884277,0.0150375939849624,0.00834072711679821,2.87212955644017,2.1275,1584.89,2,131,133
343736,2159,6.05784067911821,8,0.757230084889777,0.133333333333333,0.0161657558966969,3.85678996733897,0.2225,1600,2,13,15
1560594,5138,6.31394075704541,8,0.789242594630676,0.166666666666667,0.0181838518657997,4.25512052862897,0.55575,10000,2,10,12
490644,5347,8.03412840564808,8,1.00426605070601,0.0109409190371991,8.54674070952196e-08,4.65757731917779,0.22,10000,5,452,457
490644,23476,5.64213459758781,8,0.705266824698476,0.00656455142231947,5.1017144637446e-05,2.50863830616573,31,10000,3,454,457
37694,3932,5.83547268176209,8,0.729434085220261,0.0303030303030303,0.0104497827854198,3.25963731050576,0.55,1000,2,64,66
328533,5600,5.90846474579291,8,0.738558093224114,0.0363636363636364,0.00419541401391452,3.28066871301627,26.2,50000,2,53,55
328533,1432,6.87331120766517,8,0.859163900958146,0.0363636363636364,0.00355115686287067,4.35163998901907,2.225,50000,2,53,55
382084,2159,8.0442964364245,8,1.00553705455306,0.133333333333333,0.00563420370802882,6,0.005,5000,2,13,15
1622499,5894,5.16680114546646,8,0.645850143183308,0.147058823529412,0.000221439417424651,2.52287874528034,1.5,500,5,29,34
214529,3932,5.03075389687717,8,0.628844237109646,0.142857142857143,0.00339098178001043,2.59423465381601,35,13750,3,18,21
170705,5159,5.44978787498849,8,0.681223484373562,0.1,0.000544125970921741,2.77815125038364,50,30000,3,27,30
170705,5156,5.07136847424077,8,0.633921059280097,0.0666666666666667,0.0189185942639245,2.56066730616974,82.5,30000,2,28,30
311715,2932,6.1988262442735,8,0.774853280534188,0.029126213592233,0.00156570802949079,3.50000032134294,1,3162.28,3,100,103
214404,2339,5.75196747529158,8,0.718995934411448,0.0263157894736842,0.00267728261246925,3.03544962162241,2.315,2511.89,3,111,114
214404,2342,5.82847205241595,8,0.728559006551994,0.0175438596491228,0.00839995088362656,3.19451798724597,1.5225,2382.7325,2,112,114
201309,2147,5.05274604788322,8,0.631593255985403,0.2,0.0240534139442597,2.96057464892478,4.35,3972.5,2,8,10
359195,25,7.20494084745031,8,0.900617605931288,0.0368763557483731,2.24423505931643e-12,2.88640118914868,0.63,485,17,444,461
359195,3815,5.06345850589249,8,0.632932313236561,0.017353579175705,0.000601191602181247,2.10425413774845,3.225,410,8,453,461
359195,3932,5.05077625053617,8,0.631347031317021,0.00433839479392625,0.00784404720781146,2.27404650597839,2.075,390,2,459,461
603682,1017,6.06625000360342,8,0.758281250450427,0.0363636363636364,0.00408835841821081,3.45593195564972,3.5,10000,2,53,55
608601,2322,6.71479865325974,8,0.839349831657467,0.0155844155844156,1.8284504384649e-14,1.85331837026095,7.85,560,18,1137,1155
716337,25,6.46346082226301,8,0.807932602782877,0.0326086956521739,3.85749048891401e-12,2.08648048478912,29.5,3600,15,445,460
716337,3815,6.64722621377713,8,0.830903276722142,0.0173913043478261,5.41304648027402e-07,3.27699175479654,1.625,3075,8,452,460
716337,10733,6.3900098971561,8,0.798751237144513,0.0152173913043478,1.47399318684711e-07,2.86811240343637,4.2,3100,7,453,460
716337,3791,6.00224229671564,8,0.750280287089455,0.00434782608695652,0.00201442719813785,3.22639637736708,1.6625,2800,2,458,460
397520,2159,6.11824724480892,8,0.764780905601116,0.153846153846154,0.017146128786906,3.99139982823808,0.51,5000,2,11,13
632646,5734,6.04236934940072,8,0.75529616867509,0.166666666666667,0.0526401811681047,4.04192899313382,0.2575,2836,2,10,12
429350,2932,5.42267074721054,8,0.677833843401318,0.0296296296296296,0.000376155892567671,2.50446705340683,6.245,1995.26,4,131,135
429350,2931,5.03416830130493,8,0.629271037663116,0.0148148148148148,0.00913226622313096,2.29999949611698,10,1995.26,2,133,135
451337,1128,5.0339027571661,8,0.629237844645762,0.181818181818182,0.0562420105948749,2.95860731484177,11,10000,2,9,11
630975,5747,5.43896927909501,8,0.679871159886877,0.0245398773006135,0.000325268177595248,2.49490838617102,0.90775,283.71,4,159,163
367860,85443,6.36992402713167,8,0.796240503391458,0.00318809776833156,7.16627239505631e-05,3.34678748622466,4.5,10000,3,938,941
367860,3717,8.22620054141966,8,1.02827506767746,0.0478214665249734,1e-15,3.39794000867204,4,10000,45,896,941
367860,3718,8.80387294840005,8,1.10048411855001,0.0318809776833156,1e-15,4,1,10000,30,911,941
367860,3716,8.51078594788541,8,1.06384824348568,0.0414452709883103,1e-15,3.69897000433602,2,10000,39,902,941
367860,7297,7.66537133647758,8,0.958171417059697,0.0255047821466525,1e-15,2.70005709997723,19.95,10000,24,917,941
220184,2932,5.00795548062558,8,0.625994435078198,0.0408163265306122,0.000504145144238048,2.09691001300806,16,2000,4,94,98
220184,2931,5.09223522827663,8,0.636529403534578,0.0204081632653061,0.00935322665105391,2.38418141330053,8.2575,2000,2,96,98
430431,148,5.44878329919715,8,0.681097912399643,0.1875,0.0128843860257167,3.31439395722196,0.16,330,3,13,16
1430615,9451,5.54477335089072,8,0.69309666886134,0.111111111111111,0.00307065662293497,3.06864960389583,0.4,468.5,3,24,27
409318,5602,5.4840162984153,8,0.685502037301913,0.0224719101123595,0.00846153100829493,2.82242385611593,1.7,1129.465,2,87,89
469313,5581,5.87505012296117,8,0.734381265370146,0.00418410041841004,0.00116211652801002,3.0350336251689,9.225,10000,2,476,478
469313,10298,5.7680682716031,8,0.721008533950387,0.00418410041841004,0.0012472348453872,2.92081875395237,12,10000,2,476,478
469313,208,6.82613818524583,8,0.853267273155729,0.0104602510460251,2.72752654320281e-07,3.39794000867204,4,10000,5,473,478
469313,10000,6.36605504562982,8,0.795756880703727,0.00836820083682008,4.89904060231871e-06,3.1249387366083,7.5,10000,4,474,478
469313,57144,6.27615426554813,8,0.784519283193516,0.00836820083682008,1.02016504105717e-05,3.08751223866768,8.175,10000,4,474,478
469313,56924,5.8509499547228,8,0.73136874434035,0.00418410041841004,0.00120398733889783,3.01099538430146,9.75,10000,2,476,478
469313,5588,6.10341598893347,8,0.762926998616684,0.00418410041841004,0.000801143121963375,3.25963731050576,5.5,10000,2,476,478
469313,5583,6.51149608187975,8,0.813937010234969,0.00418410041841004,0.000500007546946098,3.67778070526608,2.1,10000,2,476,478
469313,5580,5.47193006870781,8,0.683991258588476,0.00418410041841004,0.00180540918951679,2.61978875828839,24,10000,2,476,478
469313,5613,6.1008633412253,8,0.762607917653162,0.00418410041841004,0.000791438701842213,3.25570701687732,5.55,10000,2,476,478
469313,207,7.8398923382381,8,0.979986542279762,0.0146443514644351,4.79667535034462e-10,4,1,10000,7,471,478
568339,2322,6.14496278745689,8,0.768120348432111,0.0162980209545984,3.68080630481842e-09,2.27516579158406,1.1675,220,14,845,859
568339,780,5.25906187929641,8,0.657382734912051,0.00232828870779977,0.00630526898302366,2.48337020399666,0.69,210,2,857,859
568339,25,6.61813392447482,8,0.827266740559353,0.0267753201396973,1.86612855850937e-13,1.97991493729335,2.7,257.7975,23,836,859
568339,3815,5.20105020379285,8,0.650131275474106,0.0174621653084983,4.11392916858506e-07,1.62641933718741,5.2,220,15,844,859
568339,1024,5.08815758750489,8,0.636019698438111,0.00349243306169965,0.00161132583232241,2.17609125905568,1.4,210,3,856,859
568339,7075,5.60012689687616,8,0.70001586210952,0.00232828870779977,0.00580053910025458,2.85982129683496,0.29,210,2,857,859
568339,6793,5.14035563968936,8,0.64254445496117,0.00232828870779977,0.00696197618055929,2.35843146738836,0.92,210,2,857,859
495433,3480,5.94986854471685,8,0.743733568089606,0.0612244897959184,0.000134607001480817,3.10308911218874,1.25,1584.89,6,92,98
1522473,2322,6.28487708901632,8,0.78560963612704,0.171428571428571,4.90378622396979e-06,3.52287874528034,3,10000,6,29,35
64500,2147,5.77691242958983,8,0.722114053698729,0.2,0.0209897637962817,3.76342799356294,5,29000,2,8,10
128560,10280,5.61956879144261,8,0.702446098930326,0.125,9.71347494487085e-05,2.89448981523003,12.75,10000,2,14,16
1763588,2915,5.10288953113019,8,0.637861191391274,0.105263157894737,0.000279679162423192,2.34587221827387,14.25,3160,2,17,19
520053,6790,6.19867904039952,8,0.77483488004994,0.0416666666666667,5.18076417032156e-06,3.04139268515822,1,1100,7,161,168
1147672,238,5.04658157367508,8,0.630822696709385,0.0555555555555556,0.00549791017183615,2.39211046501131,1.5,370,2,34,36
13048,3791,6.06689735791689,8,0.758362169739612,0.0279569892473118,3.45058772331082e-14,1.21670910996395,8.5,140,39,1356,1395
13048,5159,5.60680017425645,8,0.700850021782057,0.0121863799283154,0.00115814537572691,2.75696195131371,0.21,120,17,1378,1395
13048,2322,7.04167265769824,8,0.880209082212279,0.0172043010752688,1.53742383907161e-14,2.21085336531489,0.8,130,24,1371,1395
13048,9263,5.13127654202618,8,0.641409567753273,0.003584229390681,0.000301101029542411,2.07918124604762,1,120,5,1390,1395
13048,3815,7.27624348883389,8,0.909530436104236,0.017921146953405,3.39641939488527e-14,2.54574162823984,0.37,130,25,1370,1395
13048,5156,5.05739703565562,8,0.632174629456953,0.0021505376344086,0.0017326529377249,2.14376559386778,0.79,110,3,1392,1395
83217,2322,6.19834847440123,8,0.774793559300154,0.0150862068965517,9.9820526172405e-10,2.21824462534753,60.5,10000,7,457,464
83217,5579,5.5229650046103,8,0.690370625576287,0.00431034482758621,0.000304130799103024,2.52287874528034,30,10000,2,462,464
349245,1803,5.38202370706034,8,0.672752963382543,0.181818181818182,0.0178092395307721,3.2503602909227,22.475,40000,2,9,11
1836998,2915,5.15347162120705,8,0.644183952650882,0.105263157894737,0.000279679162423192,2.40277706961035,12.5,3160,2,17,19
353484,5599,5.64303708014085,8,0.705379635017607,0.0254777070063694,0.000398163760904651,2.744862182165,4.52,2511.89,4,153,157
518494,6532,5.463546395788,8,0.682943299473501,0.2,0.0223403235692976,3.41630758705988,1.125,2934,2,8,10
243180,6868,5.3076959906811,8,0.663461998835137,0.142857142857143,0.000212281229796172,2.66511173707505,0.56,259,5,30,35
350051,5599,5.78385141901241,8,0.722981427376551,0.0128755364806867,0.00152189092240354,2.98193616115422,2.08,1995.26,3,230,233
714071,3350,5.79378930562168,8,0.72422366320271,0.0740740740740741,0.000409130205155923,3.0626074997785,0.86575,1000,2,25,27
1993081,5340,5.19409931110297,8,0.649262413887872,0.0833333333333333,0.0120687064420159,2.70969386972779,1,512.5,2,22,24
352922,2159,5.74911317772154,8,0.718639147215193,0.153846153846154,0.0183159350083492,3.58185660523968,1.1,4200,2,11,13
1625919,5753,6.14651885078885,8,0.768314856348606,0.0526315789473684,0.00136837493096743,3.49996946581613,3.1625,10000,2,36,38
447415,4233,6.87671887545584,8,0.85958985943198,0.0148936170212766,1.85680096493635e-07,3.43474265657979,0.735,2000,7,463,470
597403,8654,6.38719911947446,8,0.798399889934307,0.133333333333333,0.00118033409681685,4,0.2,2000,2,13,15
1948509,4914,5.59223282907984,8,0.69902910363498,0.0882352941176471,0.00583288308928936,3.10914446942507,3.5,4500,3,31,34
511261,1019,6.47936109503207,8,0.809920136879009,0.00849256900212314,1.41202628068621e-08,2.74472749489669,18,10000,4,467,471
511261,1017,5.91120850476663,8,0.738901063095829,0.00636942675159236,5.32852627798586e-07,2.4145392704915,38.5,10000,3,468,471
1323390,3717,5.63299458266261,8,0.704124322832826,0.0153846153846154,0.0075095083610294,2.9583950526831,1.3855,1258.93,2,128,130
1823688,1901,5.06758216191563,8,0.633447770239454,0.2,0.00259430377615778,2.78383409771401,16.45,10000,2,8,10
436056,3065,5.06590312641982,8,0.633237890802478,0.2,0.0133854698159231,2.92446774103637,48,40337.5,2,8,10
69266,3932,6.0537157603003,8,0.756714470037537,0.166666666666667,3.00406529173841e-05,3.40597210385603,1.5,3820,7,35,42
351768,6768,5.41481825843964,8,0.676852282304955,0.2,0.0233650744859885,3.36538397471631,1.8,4175,2,8,10
1148,771,5.67383301699748,8,0.709229127124685,0.0347826086956522,0.000213593721309086,2.75332766665861,0.3,170,4,111,115
388445,1326,5.8733356306782,8,0.734166953834775,0.08,0.0110191185551865,3.45593195564972,14,40000,2,23,25
1293875,4067,5.24845783136135,8,0.656057228920169,0.00769230769230769,0.00728840734043147,2.50011851072766,3.98,1258.93,2,258,260
522730,2322,5.60656510923867,8,0.700820638654834,0.0202429149797571,1.00550726908779e-07,1.96859153574838,1.1825,110,10,484,494
619017,673,6.47003862164078,8,0.808754827705097,0.0740740740740741,2.91086304306233e-07,3.19382002601611,32,50000,2,25,27
116377,673,5.0534397854227,8,0.631679973177838,0.111111111111111,0.0287474790093502,2.71017304504104,6.7275,3451.65,2,16,18
698457,4233,8.93613022225706,8,1.11701627778213,0.0110132158590308,1e-15,4.08618614761628,0.82,10000,5,449,454
192589,3897,5.16289802181869,8,0.645362252727337,0.025974025974026,0.00132609717877474,2.31069742269049,7.75,1584.89,4,150,154
192589,7412,5.16289802181869,8,0.645362252727337,0.025974025974026,0.00132609717877474,2.31069742269049,7.75,1584.89,4,150,154
192589,6401,5.40136757884116,8,0.675170947355145,0.0194805194805195,0.0020644066346808,2.59793913386883,4,1584.89,3,151,154
192589,3383,5.62514132820946,8,0.703142666026182,0.025974025974026,0.000383141320404856,2.72287787047713,3,1584.89,4,150,154
424611,3791,5.3406019568387,8,0.667575244604838,0.0232558139534884,0.000363710929919379,2.39009591376095,5.1275,1258.93,4,168,172
1322310,4233,5.75686985959548,8,0.719608732449435,0.0581395348837209,7.79889154126081e-05,2.82930377283102,4,2700,5,81,86
74566,151,5.06544744812005,8,0.633180931015006,0.0769230769230769,0.016009150655058,2.57027126822311,3.2025,1190.585,2,24,26
74566,150,5.14102604665475,8,0.642628255831844,0.0769230769230769,0.0120936771157874,2.63093520713009,2.785,1190.585,2,24,26
388492,1326,5.72358505837494,8,0.715448132296868,0.111111111111111,0.0083767274446291,3.35698140099313,18,40950,2,16,18
568342,5293,6.30746041431964,8,0.788432551789955,0.00357568533969011,9.04580584049648e-07,2.89790947448816,12.65,10000,3,836,839
568342,5290,8.6529036510685,8,1.08161295638356,0.0297973778307509,1e-15,3.82390874094432,1.5,10000,25,814,839
568342,5294,6.08687847705667,8,0.760859809632084,0.00357568533969011,1.24904134048411e-06,2.67778070526608,21,10000,3,836,839
568342,5287,5.96322434933316,8,0.745403043666645,0.00238379022646007,4.90304639999556e-05,2.85387196432176,14,10000,2,837,839
568342,5591,6.39863914072594,8,0.799829892590743,0.00238379022646007,2.99949372926673e-05,3.30102999566398,5,10000,2,837,839
568342,5291,6.66807716324246,8,0.833509645405308,0.00357568533969011,6.26126040713848e-07,3.27164621797877,5.35,10000,3,836,839
568342,2475,6.48340798431423,8,0.810425998039279,0.00476758045292014,1.88525839945863e-08,2.76321090059071,17.25,10000,4,835,839
1248757,25,5.77058611688446,8,0.721323264610558,0.0333333333333333,2.80468048791045e-11,1.48148606012211,330,10000,15,435,450
1248757,3815,8.00142253037717,8,1.00017781629715,0.0177777777777778,1.45509984113941e-10,4.08751223866768,0.8175,10000,8,442,450
60597,3932,5.19833249155188,8,0.649791561443986,0.0297029702970297,0.00260317970345665,2.42033379378432,2.397,630.96,3,98,101
319806,1019,5.20186211286652,8,0.650232764108315,0.0566037735849057,0.00255693671105555,2.50345019344201,2,637.5,3,50,53
1178704,2261,6.28342440143336,8,0.78542805017917,0.03,0.000895770778463808,3.54929182979847,0.85,3011,3,97,100
1178704,2260,5.95122503782402,8,0.743903129728002,0.02,0.00731873348899685,3.32801535408257,1.4,2979.5,2,98,100
1178704,2312,5.95122503782402,8,0.743903129728002,0.02,0.00731873348899685,3.32801535408257,1.4,2979.5,2,98,100
1178704,2263,5.90902344501109,8,0.738627930626386,0.02,0.00759978978812855,3.28381169159051,1.55,2979.5,2,98,100
1102616,2322,6.25410175515116,8,0.781762719393895,0.0154639175257732,2.84368933894577e-09,2.37303265708448,1.525,360,12,764,776
1102616,3815,6.68665678241132,8,0.835832097801415,0.0180412371134021,2.2940277420044e-09,2.84873232466935,0.51,360,14,762,776
1102616,5156,5.24789819137701,8,0.655987273922126,0.00257731958762887,0.00780448120569813,2.49008623188403,1.1,340,2,774,776
1102616,5159,5.78004249478698,8,0.722505311848372,0.00257731958762887,0.00622308551226883,3.0690809191433,0.29,340,2,774,776
568338,2322,5.69284630104736,8,0.71160578763092,0.0153452685421995,2.0963384639005e-12,1.11478017488489,767.75,10000,12,770,782
568338,5979,6.25455582177869,8,0.781819477722337,0.010230179028133,2.13212260712618e-07,2.73282827159699,18.5,10000,8,774,782
568338,3815,8.33607985425361,8,1.0420099817817,0.0179028132992327,1e-15,3.43179827593301,3.7,10000,14,768,782
568338,5156,6.02352697218849,8,0.752940871523561,0.00255754475703325,0.000120032156879366,3,10,10000,2,780,782
568338,2444,5.0777046616691,8,0.634713082708637,0.00255754475703325,0.000263859134632959,2.00436480540245,99,10000,2,780,782
568338,3791,7.03014860672177,8,0.878768575840221,0.0051150895140665,9.84195717297271e-08,3.52287874528034,3,10000,4,778,782
568338,2321,6.45058124601736,8,0.80632265575217,0.00383631713554987,2.70673372441945e-06,3.15490195998574,7,10000,3,779,782
568338,2324,6.40339753729651,8,0.800424692162064,0.00383631713554987,2.81187371439436e-06,3.10513034325475,7.85,10000,3,779,782
568338,1436,6.26832201142151,8,0.783540251427689,0.00255754475703325,9.1492475703178e-05,3.2518119729938,5.6,10000,2,780,782
568338,5159,6.0718706178298,8,0.758983827228724,0.00255754475703325,0.000102838951884916,3.04095860767891,9.1,10000,2,780,782
1153572,3717,8.24409180216525,8,1.03051147527066,0.0392156862745098,8.88115634915388e-14,3.78194423940078,0.285,1725,20,490,510
1153572,7297,7.38181377638032,8,0.92272672204754,0.0294117647058824,2.43771545697173e-10,3.47017239476433,0.525,1550,15,495,510
1153572,3716,7.49814918374745,8,0.937268647968431,0.0392156862745098,1.51341044995248e-12,3.18905623622005,1.1,1700,20,490,510
1153572,3718,6.17722908448948,8,0.772153635561185,0.0215686274509804,1.59908605923375e-07,2.6548629698301,3.21,1450,11,499,510
165012,2321,7.09673376524593,8,0.887091720655742,0.0151209677419355,1e-15,2.02918838912748,93.5,10000,15,977,992
165012,3791,7.56563038655676,8,0.945703798319594,0.030241935483871,1e-15,2.60205999132796,25,10000,30,962,992
165012,3815,6.30010942628382,8,0.787513678285478,0.0171370967741935,1.42096512355298e-07,2.76955107862173,17,10000,17,975,992
165012,5156,5.14261513795728,8,0.64282689224466,0.0030241935483871,0.000130638378296159,2.01772876696043,96,10000,3,989,992
165012,5159,6.08892673705296,8,0.76111584213162,0.00504032258064516,4.83595467751433e-07,2.60205999132796,25,10000,5,987,992
165012,1436,5.61217022399429,8,0.701521277999287,0.0030241935483871,7.84561184292022e-05,2.5016894462104,31.5,10000,3,989,992
349538,5601,5.57159383262674,8,0.696449229078343,0.0134529147982063,0.00213973918534191,2.77447397410881,3.99,2373.815,3,220,223
349538,5599,6.09463069662893,8,0.761828837078616,0.0224215246636771,7.34394687438112e-05,3.09691001300806,2,2500,5,218,223
62817,150,5.06052795522339,8,0.632565994402924,0.103448275862069,0.0134697171751427,2.62931047259224,2.7,1149.9375,3,26,29
62817,151,5.04648174922213,8,0.630810218652766,0.0689655172413793,0.0249084379369849,2.56345781816439,2.55,933.25,2,27,29
62817,152,5.04635814449367,8,0.630794768061709,0.103448275862069,0.0161831724574922,2.62931047259224,2.7,1149.9375,3,26,29
326884,1513,5.63191879131133,8,0.703989848913916,0.166666666666667,0.0204518503687341,3.49805516155531,0.3375,1062.5,2,10,12
387585,3291,5.38103417595859,8,0.672629271994824,0.125,0.0159107190888557,3.06900140958059,1.205,1412.5,2,14,16
419596,775,6.65055537182368,8,0.831319421477959,0.0526315789473684,0.0101033588132756,4.24066268552548,0.55,9572.5,2,36,38
1308234,8317,5.33928368105388,8,0.667410460131734,0.00675675675675676,0.00744799376088771,2.60137227228971,0.158,63.1,2,294,296
7289,6768,6.45117642490398,8,0.806397053112998,0.0588235294117647,0.0102784114061568,4.03642926562667,0.02,217.5,2,32,34
7289,3249,5.12875966717056,8,0.64109495839632,0.0588235294117647,0.0215919014548356,2.61318339168987,0.53,217.5,2,32,34
37812,4318,5.482839239079,8,0.685354904884875,0.0317460317460317,0.00854243884437051,2.84974861487236,12.805,9060,2,61,63
140748,3685,5.75455870385851,8,0.719319837982314,0.2,0.0672884292455199,3.83946661992529,0.4125,2850.3,2,8,10
296935,2159,5.00027401694339,8,0.625034252117923,0.19047619047619,0.00106320192484107,2.60205999132796,0.15,60,4,17,21
493537,4321,5.12926673433287,8,0.641158341791609,0.2,0.00562273317507832,2.92041457106429,0.215,179,3,12,15
562047,8654,6.83953738924482,8,0.854942173655603,0.111111111111111,0.00138227768531441,4.45593195564972,0.07,2000,2,16,18
603518,1017,5.84226844610678,8,0.730283555763347,0.0363636363636364,0.00409623966337271,3.20411998265593,6.25,10000,2,53,55
1360818,10846,5.41685097877398,8,0.677106372346747,0.125,0.011699567901928,3.08259131558494,1.48,1790,2,14,16
88797,4921,5.31550604444439,8,0.664438255555549,0.00269541778975741,0.00151143685398917,2.42390855488774,15,3981.07,3,1110,1113
88797,7086,5.31550604444439,8,0.664438255555549,0.00269541778975741,0.00151143685398917,2.42390855488774,15,3981.07,3,1110,1113
88797,25,7.29308084507541,8,0.911635105634427,0.0700808625336927,1e-15,2.41495853831092,24.25,6304.785,78,1035,1113
88797,5159,5.81039613993463,8,0.726299517491829,0.00898472596585804,3.60185195198798e-08,2.07495500690657,33.5,3981.07,10,1103,1113
88797,613,6.39275509128684,8,0.799094386410855,0.0143755615453729,1.98769949438618e-11,2.09464630778323,32.015,3981.07,16,1097,1113
88797,3815,7.22655129868282,8,0.903318912335353,0.0269541778975741,1e-15,2.21073274471089,27.7,4500,30,1083,1113
88797,780,6.24798650324775,8,0.780998312905968,0.00359389038634322,0.0376423243974617,3.75490177392916,0.7,3981.07,4,1109,1113
88797,5156,5.99330085988464,8,0.749162607485579,0.00988319856244385,4.81532146343262e-09,2.10863812010915,31,3981.07,11,1102,1113
88797,27,5.93311554255338,8,0.741639442819173,0.00539083557951483,3.51044044161356e-06,2.59999981394342,10,3981.07,6,1107,1113
88797,1436,5.37089630950093,8,0.671362038687616,0.00359389038634322,0.000382432124487791,2.36955089256515,17,3981.07,4,1109,1113
88797,3932,5.23515236079409,8,0.654394045099261,0.00628930817610063,8.31910368435595e-06,1.89242963784548,51,3981.07,7,1106,1113
201554,2147,5.333164569421,8,0.666645571177625,0.2,0.0233650744859885,3.27352357457035,1.385,2600,2,8,10
1117757,1432,6.15656927067915,8,0.769571158834894,0.111111111111111,5.32835851369213e-08,2.80479245049725,15.675,10000,4,32,36
692472,1432,5.46859291889984,8,0.68357411486248,0.0129032258064516,0.00849929102851968,2.77675325125999,2.65,1584.89,2,153,155
276734,3791,7.3246882609699,8,0.915586032621237,0.025065963060686,1e-15,2.31547218277319,9.65,1995.26,38,1478,1516
276734,2322,7.27108715822024,8,0.90888589477753,0.0191292875989446,1e-15,2.2373609157946,11,1900,29,1487,1516
276734,5979,6.0493848316014,8,0.756173103950175,0.00659630606860158,2.71264293293231e-08,2.31202537996544,7.8,1600,10,1506,1516
276734,5159,5.34368092375068,8,0.667960115468834,0.00659630606860158,1.05303184700205e-07,1.63591825858893,37,1600,10,1506,1516
276734,5894,7.42991876310555,8,0.928739845388193,0.0145118733509235,2.36938225113952e-15,2.47712125471966,6,1800,22,1494,1516
276734,2321,5.01043014684362,8,0.626303768355452,0.00461741424802111,2.04578812981588e-05,1.71275828882165,31,1600,7,1509,1516
276734,3815,6.40003683958339,8,0.800004604947924,0.0145118733509235,2.64047786192729e-12,1.92791357071698,21.25,1800,22,1494,1516
276734,4921,5.77242953722022,8,0.721553692152528,0.00461741424802111,2.41937325256456e-06,2.38457604711406,6.6,1600,7,1509,1516
276734,7086,5.77242953722022,8,0.721553692152528,0.00461741424802111,2.41937325256456e-06,2.38457604711406,6.6,1600,7,1509,1516
276734,780,6.07586544913597,8,0.759483181141996,0.00263852242744063,8.39117213457753e-05,3.02802872360024,1.5,1600,4,1512,1516
276734,673,6.74993855528123,8,0.843742319410154,0.0171503957783641,2.8575529761311e-14,1.93633092013062,22,1900,26,1490,1516
276734,147746,5.64154437343424,8,0.705193046679281,0.00197889182058048,0.000744086048750875,2.72699872793626,3,1600,3,1513,1516
276734,2324,5.41883612972045,8,0.677354516215056,0.00527704485488127,2.75353814703903e-06,2,16,1600,8,1508,1516
405137,1111,5.51463385083902,8,0.689329231354877,0.117647058823529,0.0151231540317434,3.19283273377231,1.145,1785,2,15,17
1117805,5347,7.37292004266802,8,0.921615005333502,0.0289855072463768,2.1459992247521e-09,3.64781748188864,2.25,10000,2,67,69
420204,4314,5.34729624759097,8,0.668412030948871,0.2,0.0233650744859885,3.28942171251156,1,1947.25,2,8,10
127757,10280,5.88413506056851,8,0.735516882571064,0.125,9.71347494487085e-05,3.19212686799667,6.425,10000,2,14,16
489525,3791,6.3346480106282,8,0.791831001328525,0.0103567318757192,4.97516068603649e-09,2.49691062998444,8,2511.89,9,860,869
489525,5159,6.16592513808107,8,0.770740642260134,0.0046029919447641,5.39729659337883e-05,3.09691001300806,2,2500,4,865,869
489525,1436,5.59736009890408,8,0.69967001236301,0.0046029919447641,8.85868280164145e-05,2.5003129173816,7.9,2500,4,865,869
489525,3815,7.58397305574134,8,0.947996631967668,0.0184119677790564,6.7326334881458e-14,2.95284258563416,2.8,2511.89,16,853,869
489525,5156,5.73666752080789,8,0.717083440100987,0.0046029919447641,0.000158825400631676,2.70774392864352,4.9,2500,4,865,869
489525,2321,5.4273218763083,8,0.678415234538538,0.0046029919447641,6.6412961745239e-05,2.2839966563652,13,2500,4,865,869
1759064,3791,5.11419393182006,8,0.639274241477507,0.125,0.0109677090453565,2.73649135746582,1.05,572.375,2,14,16
333347,2159,5.20716165756287,8,0.650895207195359,0.166666666666667,0.0204518503687341,3.02020338608829,10.5,11000,2,10,12
612900,2932,5.23083998720715,8,0.653854998400894,0.0540540540540541,0.00962138771226145,2.64350469091608,0.18975,83.5,2,35,37
470511,5290,8.57136934688128,8,1.07142116836016,0.0422535211267606,1e-15,3.76955107862173,1.7,10000,21,476,497
470511,5294,6.23761889249365,8,0.779702361561707,0.0160965794768612,2.16112691986582e-09,2.33254704711005,46.5,10000,8,489,497
470511,5291,6.14943882558586,8,0.768679853198232,0.0100603621730382,1.27719310877152e-06,2.76955107862173,17,10000,5,492,497
470511,5293,7.7145791750965,8,0.964322396887062,0.0181086519114688,8.87679290245187e-12,3.52287874528034,3,10000,9,488,497
470511,207,5.07591516583788,8,0.634489395729735,0.00603621730382294,0.018500925275189,2.38195190328791,41.5,10000,3,494,497
510783,673,9.64719076864545,8,1.20589884608068,0.010989010989011,1e-15,4.88605664769316,0.13,10000,5,450,455
510783,5894,7.45104485654798,8,0.931380607068498,0.0043956043956044,2.86998406178668e-09,3.68718817378791,2.055,10000,2,453,455
353635,5599,5.64908244669599,8,0.706135305836998,0.0166666666666667,0.000315634912332345,2.7050547594219,3.935,1995.26,4,236,240
1799495,6754,5.03092616091257,8,0.628865770114071,0.2,0.0233650744859885,2.93350536499836,0.84,720.75,2,8,10
420179,4314,5.25316568207708,8,0.656645710259635,0.181818181818182,0.0213500574997278,3.12114574759116,23,30400,2,9,11
428400,1432,5.81214325320178,8,0.726517906650222,0.0124223602484472,0.00775739845258894,3.15387146043875,1.4,1995.26,2,159,161
353511,5602,5.05072704063973,8,0.631340880079966,0.0136054421768707,0.0083059126932514,2.30676171960151,9.8455,1995.26,2,145,147
508707,2064,6.96077154417119,8,0.870096443021399,0.00611620795107034,1.88834544476845e-11,2.70443290003752,19.75,10000,2,325,327
508707,1956,7.40820054489442,8,0.926025068111803,0.0305810397553517,1e-15,2.42596873227228,37.5,10000,10,317,327
21523,10800,6.73024170697569,8,0.841280213371962,0.0588235294117647,0.000112998851988967,3.95860731484178,1.1,10000,3,48,51
21523,57105,6.60393067516199,8,0.825491334395248,0.0588235294117647,0.000464566414160134,3.93930215964639,1.15,10000,3,48,51
239841,10013,5.01378369827808,8,0.62672296228476,0.15625,0.00034006092773405,2.41556800762313,4,1041.425,10,54,64
300825,2932,6.24926994952984,8,0.78115874369123,0.029126213592233,0.00168507837222222,3.56313135490062,1.3,4754.17,3,100,103
1948402,6753,5.90468458651406,8,0.738085573314257,0.111111111111111,0.0140956333622661,3.6059204121412,1.4,5650,2,16,18
1948508,4914,5.83768728058844,8,0.729710910073555,0.0882352941176471,0.00444752927078674,3.36172783601759,1,2300,3,31,34
378650,9261,5.07561617422005,8,0.634452021777506,0.0258064516129032,0.000478444431962742,2.12345385177991,8.5,1129.465,4,151,155
408986,2147,5.40391317173508,8,0.675489146466885,0.181818181818182,0.00527035272913062,3.16922480010276,17,25100,2,9,11
408987,2147,5.46746391027608,8,0.68343298878451,0.181818181818182,0.032529802642844,3.39880773020326,2,5010,2,9,11
438153,3791,5.57154684437787,8,0.696443355547234,0.0233644859813084,0.000265450379804656,2.62288032808169,3,1258.93,5,209,214
438153,1436,5.74725329669162,8,0.718406662086453,0.00934579439252336,0.0107527909911905,3.10000158280135,1,1258.93,2,212,214
438153,3815,6.2208353202084,8,0.77760441502605,0.00934579439252336,0.00739923650105692,3.60031450018295,0.316,1258.93,2,212,214
438153,2322,6.12200386790379,8,0.765250483487974,0.00934579439252336,0.00839718808348769,3.50011851072766,0.398,1258.93,2,212,214
438153,2324,5.84577312620815,8,0.730721640776019,0.00934579439252336,0.00951140448610891,3.20018108037426,0.794,1258.93,2,212,214
438153,2321,5.47034763289921,8,0.683793454112401,0.00934579439252336,0.0121329270041285,2.79897158713737,2,1258.93,2,212,214
552277,2159,5.1092861102677,8,0.638660763783462,0.121212121212121,0.00307805723690922,2.60923857595509,0.15,61,4,29,33
1574205,3791,5.82548824154911,8,0.728186030193639,0.130434782608696,0.00146734928757351,3.37828532067557,1.13,2700,3,20,23
349994,5599,5.58587476025995,8,0.698234345032494,0.0127118644067797,0.00149501948585504,2.7571740691578,3.49,1995.26,3,233,236
306655,7046,6.0156799129603,8,0.751959989120037,0.2,0.000148627935816053,3.60205999132796,4,16000,3,12,15
549990,1803,5.38338144698164,8,0.672922680872705,0.125,0.011023385491052,3.03976712687149,9.125,10000,2,14,16
578848,1510,6.24848330276539,8,0.781060412845673,0.0606060606060606,0.0083674013261067,3.79588001734407,0.8,5000,4,62,66
1176030,11255,5.85100570446638,8,0.731375713058298,0.153846153846154,0.0179236559683703,3.69460519893357,2,9900,2,11,13
256553,2159,5.21491241526773,8,0.651864051908466,0.2,0.0130918438242748,3.09017663034909,0.013,16,2,8,10
688344,2159,5.96984593505006,8,0.746230741881257,0.181818181818182,0.0101582914688423,3.86289535633667,4.525,33000,2,9,11
96693,1814,5.49861434688791,8,0.687326793360989,0.138888888888889,0.000187768807264574,2.85733249643127,0.5,360,5,31,36
458469,6532,5.67264392041222,8,0.709080490051527,0.2,0.00137430868379435,3.40934126859678,2,5133,4,16,20
355312,2321,5.13503726309009,8,0.641879657886261,0.0140845070422535,0.00925786614882189,2.41247262158672,4.87,1258.93,2,140,142
1344120,2847,5.93037393492978,8,0.741296741866222,0.125,0.00240458615611044,3.52287874528034,0.6,2000,2,14,16
1603529,5894,6.48042146172275,8,0.810052682715344,0.0714285714285714,0.000285496503058501,3.79588001734407,8,50000,2,26,28
428115,2322,5.06299723168611,8,0.632874653960764,0.0145985401459854,0.00857112467684843,2.32627506857687,1.685,357.17,2,135,137
1157523,5347,5.50322548731042,8,0.687903185913802,0.2,0.00798752046029404,3.37161106994969,4.25,10000,2,8,10
201141,2147,5.24583206128961,8,0.655729007661202,0.2,0.0243990464468482,3.17903563970246,9.8,14800,2,8,10
1180204,3065,5.37869459933562,8,0.672336824916952,0.181818181818182,0.0199145939123468,3.2563202606945,0.46,830,2,9,11
44920,8654,5.84977173844103,8,0.731221467305128,0.102564102564103,1.0105062209859e-06,2.68959331174035,2.575,1260,8,70,78
1037736,1956,5.46053835190316,8,0.682567293987895,0.0512820512820513,0.0064738630471309,2.85918450129286,6.5,4700,2,37,39
1037736,2064,5.402527366098,8,0.67531592076225,0.0769230769230769,0.000964090147852602,2.70543604658525,10,5075,3,36,39
32299,8654,5.05596347342348,8,0.631995434177934,0.166666666666667,0.0180122876150459,2.83907268220862,4.925,3400,2,10,12
193962,5600,6.41589105665218,8,0.801986382081523,0.00625651720542232,5.5194818351014e-09,2.58502665202918,26,10000,6,953,959
193962,1432,8.29088882230491,8,1.03636110278811,0.0198123044838373,1e-15,3.38668683854454,4.105,10000,19,940,959
193962,5603,5.89668782539702,8,0.737085978174627,0.00417101147028154,0.00216826412486794,3.11350927482752,7.7,10000,4,955,959
495440,8317,5.33337266174248,8,0.66667158271781,0.166666666666667,0.000851259587260922,2.88605664769316,6.5,5000,2,10,12
1560522,1111,5.89012443925395,8,0.736265554906744,0.136363636363636,0.00276442273563172,3.52380179447352,2.35,7850,3,19,22
388509,1326,5.49129514865514,8,0.686411893581892,0.0952380952380952,0.0111796665924429,3.07310709833543,30,35500,2,19,21
1037712,5604,7.16316135442093,8,0.895395169302617,0.00443458980044346,1e-15,2.07186029312488,84.75,10000,2,449,451
307797,3791,5.01776752810465,8,0.627220941013081,0.0143884892086331,0.00813235172080528,2.27019716742895,8.5075,1584.89,2,137,139
604615,1956,8.52637649501748,8,1.06579706187719,0.0567901234567901,1.75702434276432e-15,3.8114994829625,0.355,2300,23,382,405
604615,11183,5.24366301251412,8,0.655457876564265,0.00493827160493827,0.00691526892650964,2.48189751868619,5.275,1600,2,403,405
604615,2580,5.49528601839779,8,0.686910752299724,0.00740740740740741,0.00120875776876375,2.62088684858745,3.95,1650,3,402,405
2246,1815,6.12932789956598,8,0.766165987445747,0.153846153846154,1.11556782350314e-05,3.36653154442041,0.43,1000,8,44,52
421450,1232,5.25822107612324,8,0.657277634515404,0.125,0.0150353178096507,2.92592123312886,1.1,927.5,2,14,16
456867,5979,5.15886563893529,8,0.644858204866912,0.00814332247557003,0.00963656172388815,2.42493823272528,7.5,1995.26,5,609,614
456867,25,5.71335903868269,8,0.714169879835336,0.0260586319218241,5.49863199604135e-10,1.65375574525618,55.75,2511.89,16,598,614
456867,3815,7.17682622414931,8,0.897103278018664,0.0146579804560261,3.13205488873121e-07,3.81706931641401,0.32,2100,9,605,614
456867,5156,5.60164571620785,8,0.700205714525981,0.00325732899022801,0.00501512275149112,2.85167973118349,2.8075,1995.26,2,612,614
456867,3791,6.12778626897017,8,0.765973283621271,0.00488599348534202,0.000711153447931455,3.27881019704705,1.05,1995.26,3,611,614
456867,2321,5.72913741653353,8,0.716142177066691,0.00488599348534202,0.000814516950523443,2.84211759938299,2.87,1995.26,3,611,614
456867,2324,5.63538071412866,8,0.704422589266082,0.00488599348534202,0.000824568498285387,2.73770663166051,3.65,1995.26,3,611,614
456867,5159,5.44445601677525,8,0.680557002096906,0.00325732899022801,0.00511132905652742,2.67649177400548,4.2025,1995.26,2,612,614
1321222,8317,5.04392497902616,8,0.63049062237827,0.0155038759689922,0.0078736340188221,2.30016227413275,0.501,100,2,127,129
1096,766,5.10900515199666,8,0.638625643999583,0.0379008746355685,4.93551982231014e-10,1,0.8,8,13,330,343
343041,3791,6.72111311230264,8,0.84013913903783,0.0127931769722814,1.02835022009822e-10,2.60205999132796,25,10000,6,463,469
343041,3815,5.96414995682959,8,0.745518744603698,0.0170575692963753,5.9469427362881e-07,2.51570016065321,30.5,10000,8,461,469
343041,2321,5.71004783740126,8,0.713755979675157,0.00639658848614072,1.16062485165458e-05,2.45593195564972,35,10000,3,466,469
343041,2260,6.0417631483207,8,0.755220393540088,0.00852878464818763,4.48084957138114e-07,2.55284196865778,28,10000,4,465,469
343041,2312,6.0417631483207,8,0.755220393540088,0.00852878464818763,4.48084957138114e-07,2.55284196865778,28,10000,4,465,469
438203,3791,5.75368435140142,8,0.719210543925178,0.0392156862745098,3.61075565336672e-05,2.70206157412931,2.5,1258.93,6,147,153
438203,2322,5.23636636242604,8,0.654545795303254,0.0130718954248366,0.0112334769922697,2.54023068403326,2.8825,1000,2,151,153
438203,2321,5.17710841604186,8,0.647138552005233,0.0130718954248366,0.0132821971878371,2.48811663902113,3.25,1000,2,151,153
24776,5156,5.86007497936399,8,0.732509372420499,0.103448275862069,0.0030764088363513,3.40053798939195,10,25150,3,26,29
24776,5159,5.86007497936399,8,0.732509372420499,0.103448275862069,0.0030764088363513,3.40053798939195,10,25150,3,26,29
24580,3717,5.16902099055763,8,0.646127623819704,0.0508474576271186,0.000355861228738315,2.27794712205404,1,189.6475,6,112,118
1289996,9475,10.5354167963656,8,1.3169270995457,0.0333333333333333,6.9561656612817e-05,8.12081787914917,1.2e-05,1584.89,5,145,150
375242,3791,5.00115260915658,8,0.625144076144572,0.020979020979021,0.00177966263803582,2.13930128484319,11.5,1584.89,3,140,143
1583895,4233,5.42163891217539,8,0.677704864021924,0.181818181818182,0.0178092395307721,3.29492739667713,1.075,2120,2,9,11
109543,1432,6.24496575635079,8,0.780620719543849,0.09375,0.0181490624376962,3.95860731484178,0.11,1000,3,29,32
109543,5600,6.18697709845561,8,0.773372137306951,0.0625,0.0279973762488928,3.8372727025023,0.11,756.25,2,30,32
109543,6300,6.18697709845561,8,0.773372137306951,0.0625,0.0279973762488928,3.8372727025023,0.11,756.25,2,30,32
109543,5603,6.18697709845561,8,0.773372137306951,0.0625,0.0279973762488928,3.8372727025023,0.11,756.25,2,30,32
361203,1017,6.79036382653597,8,0.848795478316996,0.00413223140495868,0.000277623697237929,3.9402473057907,1.1475,10000,2,482,484
361203,1019,7.21937504606322,8,0.902421880757902,0.00619834710743802,1.10090137890433e-05,4.14874165128092,0.71,10000,3,481,484
1605880,2159,5.60362024954347,8,0.700452531192933,0.166666666666667,0.0195715889431497,3.46239799789896,1,2900,2,10,12
317507,983,5.01144294680119,8,0.626430368350149,0.00669642857142857,0.0015658027833021,2.09691001300806,6,750,3,445,448
317507,1017,5.4378478538259,8,0.679730981728238,0.00669642857142857,0.00151990251032573,2.57403126772772,2,750,3,445,448
361469,695,5.32915449400282,8,0.666144311750352,0.00558139534883721,0.000543118697576996,2.35902194264167,1.4,320,6,1069,1075
361469,2050,5.75278941899425,8,0.719098677374281,0.0027906976744186,0.00250099565369458,2.95988277679202,0.34,310,3,1072,1075
361469,4921,5.40596157063705,8,0.675745196329631,0.00744186046511628,5.12941239021379e-05,2.24604587166493,1.85,326,8,1067,1075
361469,7086,5.40596157063705,8,0.675745196329631,0.00744186046511628,5.12941239021379e-05,2.24604587166493,1.85,326,8,1067,1075
361469,6714,6.78778053136083,8,0.848472566420104,0.0130232558139535,2.73378312741015e-09,2.96267567697619,0.425,390,14,1061,1075
361469,2044,5.80850012376804,8,0.726062515471006,0.00186046511627907,0.00716196324136752,3.11115045212267,0.24,310,2,1073,1075
361469,25,8.80170192563431,8,1.10021274070429,0.0372093023255814,1e-15,4.01354257331534,0.05525,570,40,1035,1075
361469,2534,5.60566217888865,8,0.700707772361081,0.0027906976744186,0.00257082345251889,2.7967564949007,0.495,310,3,1072,1075
361469,613,5.47289783208914,8,0.684112229011142,0.00651162790697674,0.000439567087742306,2.50514997831991,1,320,7,1068,1075
361469,3932,6.20131263180757,8,0.775164078975946,0.00651162790697674,1.47992818108075e-05,3.03005972254058,0.3,321.5,7,1068,1075
361469,780,5.56270541151869,8,0.695338176439836,0.00372093023255814,0.0012768950860533,2.69043742178627,0.6425,315,4,1071,1075
361469,2048,5.67170969350921,8,0.708963711688651,0.0027906976744186,0.00359963066541111,2.90029708680777,0.39,310,3,1072,1075
361469,3815,6.22306866849811,8,0.777883583562264,0.0176744186046512,3.33350362881247e-07,2.75855569432026,0.68,390,19,1056,1075
361469,5156,5.63530457023724,8,0.704413071279655,0.00372093023255814,0.00238046235681902,2.82621269585388,0.47,315,4,1071,1075
361469,2047,5.54094233257857,8,0.692617791572322,0.00186046511627907,0.00988640284383883,2.83814918005893,0.45,310,2,1073,1075
361469,3055,5.87393068081001,8,0.734241335101252,0.00372093023255814,0.000534472292357194,2.96491984577205,0.3415,315,4,1071,1075
361469,2444,5.6989124655062,8,0.712364058188275,0.00186046511627907,0.00823588748373522,3,0.31,310,2,1073,1075
361469,1969,5.37389901480174,8,0.671737376850218,0.00372093023255814,0.00363464691993902,2.56889162807531,0.85,315,4,1071,1075
361469,7294,5.21979577343261,8,0.652474471679076,0.0027906976744186,0.0045466397890169,2.41218044778665,1.2,310,3,1072,1075
361469,660,5.04326664275412,8,0.630408330344265,0.00186046511627907,0.0213740316696582,2.34523365815603,1.4,310,2,1073,1075
361469,2043,5.10862088138185,8,0.638577610172731,0.00186046511627907,0.0198153982137255,2.41218044778665,1.2,310,2,1073,1075
361469,7525,6.08360382224842,8,0.760450477781052,0.00558139534883721,3.17261402285191e-05,2.96108193396963,0.35,320,6,1069,1075
361469,1436,5.63741558085752,8,0.70467694760719,0.00465116279069767,0.000847968734390037,2.74172198475697,0.58,320,5,1070,1075
361469,4067,5.43639024330019,8,0.679548780412524,0.00186046511627907,0.0117444341042585,2.73548683816178,0.57,310,2,1073,1075
361469,640,5.86629376084305,8,0.733286720105381,0.00186046511627907,0.00660545311038104,3.16914239910035,0.21,310,2,1073,1075
361469,2042,6.19179744955574,8,0.773974681194467,0.00186046511627907,0.00572303096764069,3.52287874528034,0.093,310,2,1073,1075
361469,2268,5.49333744139351,8,0.686667180174189,0.00186046511627907,0.0108150457990407,2.79239168949825,0.5,310,2,1073,1075
361469,27,5.95522821606833,8,0.744403527008541,0.00186046511627907,0.00600479478852818,3.260912772456,0.17,310,2,1073,1075
361469,5159,5.5352763281223,8,0.691909541015288,0.00372093023255814,0.00200958658301419,2.69897000433602,0.63,315,4,1071,1075
361469,1445,5.18767022199103,8,0.648458777748879,0.00186046511627907,0.0177115469102344,2.49136169383427,1,310,2,1073,1075
361469,2046,5.80850012376804,8,0.726062515471006,0.00186046511627907,0.00716196324136752,3.11115045212267,0.24,310,2,1073,1075
1334936,3795,7.17083880143208,8,0.89635485017901,0.0555555555555556,2.78671230333587e-09,3.52287874528034,12,40000,2,34,36
397452,2159,6.0267226091407,8,0.753340326142588,0.153846153846154,0.0183159350083492,3.89416721558623,0.67,5251,2,11,13
1511349,7301,5.08202287737949,8,0.635252859672437,0.0571428571428571,0.0025113356061988,2.36868525932105,70,16360,2,33,35
300799,2932,5.74015607457529,8,0.717519509321911,0.105263157894737,0.010807641260334,3.38021124171161,2,4800,2,17,19
322121,1111,5.18343399577759,8,0.647929249472199,0.2,0.0375299364089168,3.14623881095799,7,9802.5,2,8,10
448668,4233,5.54446006278466,8,0.693057507848082,0.1,0.000171048873052037,2.78414161407283,1.2,730,5,45,50
547496,1956,5.74745515972913,8,0.718431894966141,0.142857142857143,0.0100312576864205,3.49472956063908,1.875,5857.75,2,12,14
14366,904,5.39199835008289,8,0.673999793760361,0.00210748155953635,0.0037590727426765,2.58733673450726,3.75,1450,2,947,949
14366,1025,5.97841590807223,8,0.747301988509029,0.00632244467860906,1.93585936396321e-06,2.60205999132796,3.75,1500,6,943,949
14366,891,5.40879573558882,8,0.676099466948603,0.0105374077976818,8.17170898697389e-08,1.69897000433602,30,1500,10,939,949
14366,983,5.86806916350812,8,0.733508645438515,0.0147523709167545,2.17208896269009e-10,1.71321044345063,30,1550,14,935,949
109498,1432,6.28034748203526,8,0.785043435254408,0.09375,0.00632243992035711,3.90681785951119,0.145,1170,3,29,32
109498,5600,6.36997229389711,8,0.796246536737139,0.0625,0.0135411239061033,3.98004977304561,0.1225,1170,2,30,32
285177,1024,5.48998831217005,8,0.686248539021256,0.0112994350282486,0.00879391278874037,2.79897158713737,2,1258.93,2,175,177
285177,1025,5.94707833261551,8,0.743384791576939,0.0112994350282486,0.00755186071632661,3.29997222355722,0.631,1258.93,2,175,177
258636,3676,5.86312609551192,8,0.73289076193899,0.2,0.0282414164692412,3.88619415250865,19.5,150047.5,3,12,15
714243,2322,5.05704607164477,8,0.632130758955596,0.0153846153846154,4.52429082323125e-06,1.6664407795091,9.7,450,7,448,455
714243,3717,5.21100902870696,8,0.65137612858837,0.00659340659340659,0.00136046135072402,2.30890261876387,2.05,417.5,3,452,455
1317801,5588,5.67470458753995,8,0.709338073442494,0.0277777777777778,0.0101342544442087,3.06853435513025,0.362,423.88,2,70,72
172642,6532,5.06528499435111,8,0.633160624293888,0.2,0.0199898014731285,2.95860731484178,1.1,1000,2,8,10
319858,595,5.05286640464162,8,0.631608300580203,0.0446428571428571,0.000197887052983344,2.07768675282182,3.76,449.65,5,107,112
319858,1019,5.05262966067565,8,0.631578707584456,0.0625,3.7817817883159e-05,1.98724766148215,8.18,794.33,7,105,112
495436,3643,6.86295843637756,8,0.857869804547195,0.00656455142231947,1.20837096278941e-05,3.75696195131371,1.75,10000,3,454,457
495436,3480,6.58004049232118,8,0.822505061540148,0.0087527352297593,1.14193656352378e-06,3.24033215531037,5.75,10000,4,453,457
273,7046,6.47296201042719,8,0.809120251303398,0.02,3.90834081701218e-12,2.06048074738138,87,10000,8,392,400
428508,6790,7.41192119959937,8,0.926490149949921,0.0108225108225108,1.3655400676701e-11,3.19793977156268,4,6309.57,10,914,924
428508,202,5.64105761380109,8,0.705132201725137,0.00865800865800866,7.48529768433848e-07,2.14700565681402,43,6032.1775,8,916,924
428508,9212,5.64105761380109,8,0.705132201725137,0.00865800865800866,7.48529768433848e-07,2.14700565681402,43,6032.1775,8,916,924
428508,6795,5.19106040532269,8,0.648882550665336,0.00216450216450216,0.00155937273149221,2.28502644958376,26,5011.87,2,922,924
428508,640,5.14862080958241,8,0.643577601197802,0.00432900432900433,2.04893086837907e-05,1.86749088484835,68,5011.87,4,920,924
428508,9262,5.64955474143367,8,0.706194342679208,0.00216450216450216,0.00140075099730367,2.79151477867593,8.1,5011.87,2,922,924
692370,673,6.36940590965086,8,0.796175738706357,0.010989010989011,2.73867080325683e-07,2.88605664769316,13,10000,5,450,455
692370,5894,6.36654364258153,8,0.795817955322691,0.00659340659340659,4.3482100094418e-05,3.30980391997149,4.9,10000,3,452,455
1140766,5163,5.03387645198389,8,0.629234556497986,0.2,0.00261220711339834,2.74651253003464,4.3825,2444.75,6,24,30
1140766,5170,5.03387645198389,8,0.629234556497986,0.2,0.00261220711339834,2.74651253003464,4.3825,2444.75,6,24,30
1311579,1453,5.16460931222775,8,0.645576164028469,0.00735294117647059,0.00719067790495513,2.40359826691654,6.2575,1584.89,2,270,272
299508,11255,6.97347500146228,8,0.871684375182785,0.0697674418604651,0.000329235818594993,4.35796311769972,0.2695,6145,3,40,43
700989,5293,5.72787250281645,8,0.715984062852056,0.142857142857143,0.0143368963298766,3.50371902321346,4.75,15150,2,12,14
237741,1432,6.47082152849929,8,0.808852691062411,0.0625,0.00325193905557695,3.96960269914324,1.0725,10000,2,30,32
436432,3065,5.41757372449808,8,0.67719671556226,0.157894736842105,0.000684599852028504,2.93554201077308,58,50000,3,16,19
460144,2322,5.78883597454748,8,0.723604496818435,0.0157232704402516,1.29559660335794e-07,2.1821042428382,0.6575,100,10,626,636
597225,5734,5.07206920206604,8,0.634008650258255,0.166666666666667,0.0355686970443194,2.9162914435969,0.6075,501,2,10,12
1445393,5294,6.11501757546668,8,0.764377196933335,0.0117647058823529,2.90882961456254e-06,2.80743254666345,15.58,10000,2,168,170
40702,51056,5.5452261434223,8,0.693153267927787,0.0666666666666667,0.00944967599632447,3.0334627949478,10.3,11125,3,42,45
329061,2322,5.04957861972196,8,0.631197327465245,0.0121212121212121,0.00956366472664542,2.31326445208099,1.0955,225.36,2,163,165
1311545,5592,5.80585145114711,8,0.725731431393389,0.00701754385964912,0.00731871664599143,3.12552250075659,1.065,1421.91,2,283,285
1311545,5593,5.44241840969422,8,0.680302301211778,0.00701754385964912,0.00814526579733737,2.72595439465053,2.6725,1421.91,2,283,285
1311545,9252,5.00496704273891,8,0.625620880342364,0.00701754385964912,0.0101637800294173,2.25305160610425,7.94,1421.91,2,283,285
1311545,6093,5.22598919152748,8,0.653248648940934,0.00701754385964912,0.00926603198725978,2.49366923106681,4.5625,1421.91,2,283,285
28220,6532,6.77429067784248,8,0.846786334730309,0.2,0.0130918438242748,4.84447717574568,0.01,699,2,8,10
127758,10280,6.04367657341564,8,0.755459571676955,0.125,9.71347494487085e-05,3.37161106994969,4.25,10000,2,14,16
167268,5159,5.2971938679612,8,0.66214923349515,0.0681818181818182,0.000623664388545842,2.52287874528034,90,30000,3,41,44
418190,1111,5.4394398522662,8,0.679929981533275,0.0128205128205128,0.0016068461118773,2.59902622951005,3.99,1584.89,3,231,234
347722,5729,5.81723676358463,8,0.727154595448079,0.2,0.0133854698159231,3.76971808284678,2.6,15300,2,8,10
1570706,238,5.34903972559708,8,0.668629965699635,0.157894736842105,5.16186491405111e-06,2.43391522879797,2.2,597.5,9,48,57
518495,6532,5.12253019968672,8,0.64031627496084,0.2,0.0223403235692976,3.03266436644593,2.65,2857,2,8,10
1173310,238,5.70036678899361,8,0.712545848624201,0.0909090909090909,0.00568408390978154,3.23657200643706,2.9,5000,2,20,22
465140,7150,5.36629840579354,8,0.670787300724192,0.133333333333333,0.000166256125109437,2.68124123737559,62.5,30000,2,13,15
1286951,1859,5.22811773424031,8,0.653514716780039,0.00687285223367698,0.00976459373777207,2.50018184350086,0.794,251.19,2,289,291
1286951,8317,5.78165333112773,8,0.722706666390966,0.00687285223367698,0.00741257294603598,3.09897235026397,0.2,251.19,2,289,291
1286951,9149,5.32736984749867,8,0.665921230937334,0.00687285223367698,0.00851759052078923,2.59997298668382,0.631,251.19,2,289,291
1286951,57396,5.32736984749867,8,0.665921230937334,0.00687285223367698,0.00851759052078923,2.59997298668382,0.631,251.19,2,289,291
651088,8658,5.02181799313567,8,0.627727249141959,0.0338983050847458,0.0178440642682244,2.40153891328242,25.03,6309.57,2,57,59
651088,142,6.34096777434693,8,0.792620971793366,0.0508474576271186,0.00228262855977322,3.75781816837488,1.102,6309.57,3,56,59
651088,80351,5.27919102327059,8,0.659898877908824,0.0338983050847458,0.0114921021545059,2.65286471199894,14.0325,6309.57,2,57,59
197859,3350,5.33960340390689,8,0.667450425488361,0.105263157894737,0.0855621120056273,3.10929960230113,7.775,10000,2,17,19
363089,202,6.16022939495813,8,0.770028674369766,0.032258064516129,0.00210176995557021,3.49154929879286,0.685,2124.4175,3,90,93
363089,9212,6.16022939495813,8,0.770028674369766,0.032258064516129,0.00210176995557021,3.49154929879286,0.685,2124.4175,3,90,93
33576,8767,5.2218375672106,8,0.652729695901325,0.00305498981670061,0.000774365702037335,2.26152145438031,4.6,840,3,979,982
33576,1956,7.13686806706808,8,0.89210850838351,0.0336048879837067,1e-15,2.12979123940271,8.9,1200,33,949,982
33576,25,6.83678840937839,8,0.854598551172299,0.0325865580448065,1e-15,1.78914663468511,19.5,1200,32,950,982
33576,3791,6.71544095753534,8,0.839430119691917,0.0315682281059063,1e-15,1.64957576154498,24.65,1100,31,951,982
366279,766,5.29046156244305,8,0.661307695305381,0.0649350649350649,3.13267390924992e-11,1.04575749056068,0.9,10,15,216,231
1583894,4233,5.49375258796501,8,0.686719073495627,0.181818181818182,0.0178092395307721,3.37605528194045,0.875,2080,2,9,11
1783608,5972,6.7390255400159,8,0.842378192501987,0.2,0.00259430377615778,4.66420789807681,0.65,30000,2,8,10
109334,5156,5.07434443481669,8,0.634293054352087,0.0952380952380952,0.00404335551665056,2.51570016065321,30.5,10000,2,19,21
109334,5159,5.07434443481669,8,0.634293054352087,0.0952380952380952,0.00404335551665056,2.51570016065321,30.5,10000,2,19,21
19081,1432,6.88166110866269,8,0.860207638582837,0.0270880361173815,9.39677063942216e-12,2.61772858090385,9.6,3981.07,12,431,443
391822,1111,5.41039611500341,8,0.676299514375426,0.0833333333333333,0.00965365379386215,2.93363397333625,6.2275,5345,2,22,24
322,1859,5.01548610408747,8,0.626935763010934,0.100917431192661,2.13083044862783e-06,1.81088393948316,33,2135,11,98,109
24842,5156,5.71947607506033,8,0.714934509382542,0.0869565217391304,0.0106843776457115,3.30102999566398,50,1e+05,2,21,23
24842,5159,5.71947607506033,8,0.714934509382542,0.0869565217391304,0.0106843776457115,3.30102999566398,50,1e+05,2,21,23
349532,1803,5.42365383048564,8,0.677956728810705,0.181818181818182,0.0192060805626917,3.30375285399945,19.875,40000,2,9,11
426660,4921,6.85153181705312,8,0.85644147713164,0.0155945419103314,2.48843626292375e-08,3.23394222421687,5.135,8800,8,505,513
426660,7086,6.85153181705312,8,0.85644147713164,0.0155945419103314,2.48843626292375e-08,3.23394222421687,5.135,8800,8,505,513
426660,3815,6.41228580981255,8,0.801535726226569,0.0233918128654971,2.53036163217483e-09,2.56463349338734,27.25,10000,12,501,513
426660,25,7.74055443554947,8,0.967569304443683,0.0604288499025341,1e-15,2.88941028970075,12.9,10000,31,482,513
426660,613,5.85647642617123,8,0.732059553271404,0.00974658869395711,1.82678566060967e-05,2.67011326431355,14,6550,5,508,513
426660,5156,5.10510104710241,8,0.638137630887802,0.00779727095516569,0.000212152462738204,2.03196010636981,53.885,5800,4,509,513
426660,780,5.49611500822573,8,0.687014376028216,0.00584795321637427,0.000389468457826718,2.51876770208322,16.85,5563.75,3,510,513
426660,5159,5.13546296260024,8,0.64193287032503,0.00779727095516569,0.000228332831660508,2.0725013183068,49.0825,5800,4,509,513
205365,5159,5.25972963061429,8,0.657466203826786,0.2,0.00259430377615778,3,30,30000,2,8,10
1343943,11255,5.5851267027693,8,0.698140837846162,0.166666666666667,0.0169923682751056,3.42931832300648,3.35,9002.5,2,10,12
1836995,2915,5.27943612295477,8,0.659929515369347,0.111111111111111,3.34088220630894e-05,2.37747120434558,13.25,3160,2,16,18
14221,1017,6.1155074885088,8,0.7644384360636,0.062962962962963,1e-15,1.06883481346129,155.75,1825,34,506,540
549980,1803,6.78954106039163,8,0.848692632548954,0.125,0.000440326225021251,4.34198860334289,0.455,10000,4,28,32
344119,2159,7.16946536315009,8,0.896183170393761,0.161764705882353,4.57254427517733e-08,4.08297423506476,0.19,2300,11,57,68
475097,5347,5.13927847750761,8,0.642409809688451,0.015625,0.0082451409025028,2.41180290355012,3.0775,794.33,2,126,128
214795,2932,5.0009437458126,8,0.625117968226575,0.153846153846154,0.000491861447425641,2.42596873227228,37.5,10000,2,11,13
167995,1432,8.91243566136146,8,1.11405445767018,0.0297366185216653,1e-15,4.11569997459663,0.305,3981.07,35,1142,1177
167995,7010,5.07462593567659,8,0.634328241959574,0.00424808836023789,0.0024342176933439,2.19897032567895,20,3162.28,5,1172,1177
167995,4921,5.41993644685355,8,0.677492055856694,0.00594732370433305,5.84561780041314e-06,2.06863655718395,27,3162.28,7,1170,1177
167995,7086,5.41993644685355,8,0.677492055856694,0.00594732370433305,5.84561780041314e-06,2.06863655718395,27,3162.28,7,1170,1177
167995,5600,5.77904338107908,8,0.722380422634885,0.00679694137638063,4.16292185465136e-05,2.64569427954185,7.15,3162.28,8,1169,1177
167995,780,6.07239118495578,8,0.759048898119473,0.00254885301614274,0.000814329918981637,3.22124672039011,1.9,3162.28,3,1174,1177
167995,5601,6.55819510891884,8,0.819774388614854,0.0101954120645709,3.04727397200878e-09,2.70533803416712,6.2325,3162.28,12,1165,1177
167995,5603,5.77312629055392,8,0.72164078631924,0.00509770603228547,2.33040224025783e-05,2.58354637279301,8.25,3162.28,6,1171,1177
167995,6793,5.41139981306853,8,0.676424976633567,0.00254885301614274,0.0013262579647523,2.51999694975919,9.55,3162.28,3,1174,1177
167995,7075,5.34303971439892,8,0.667879964299866,0.00169923534409516,0.00667612133539677,2.58092222896686,8.3,3162.28,2,1175,1177
167995,6300,6.12609769795498,8,0.765762212244372,0.00764655904842821,2.5736751842271e-07,2.59691033435099,8,3162.28,9,1168,1177
313195,6532,5.38578953581568,8,0.67322369197696,0.133333333333333,0.0137916877115357,3.08693671074439,0.00925,11.3,2,13,15
370919,1111,5.37877714201005,8,0.672347142751257,0.0147058823529412,0.000851111499556829,2.48123922350104,13.145,3981.07,3,201,204
430532,2932,5.00399772720105,8,0.625499715900131,0.105769230769231,5.76914495630921e-06,1.89902742565619,39.9,3162.28,11,93,104
510240,8317,5.13870394254676,8,0.642337992818345,0.0151515151515152,0.00768261253426884,2.40359826691654,6.2575,1584.89,2,130,132
296924,2159,6.80201550268471,8,0.850251937835589,0.142857142857143,0.0165752461632362,4.72473086648044,0.09,4775,2,12,14
600132,3551,7.62680537792419,8,0.953350672240524,0.00443458980044346,1e-15,2.59345981956604,25.5,10000,2,449,451
1274904,10846,5.47187135631626,8,0.683983919539533,0.181818181818182,0.00996783572013348,3.30102999566398,5,10000,2,9,11
107756,3932,6.79022271070855,8,0.848777838838569,0.16,0.000994413362770604,4.51851393987789,1,33000,4,21,25
349866,5599,5.63381123793952,8,0.70422640474244,0.0127659574468085,0.00149818803028766,2.81144877961654,3.08,1995.26,3,232,235
430664,4915,6.13457998262903,8,0.766822497828629,0.0034443168771527,4.56888619749332e-08,2.44369749923271,36,10000,3,868,871
430664,1436,7.99752828492567,8,0.999691035615709,0.00574052812858783,1.64316838826088e-12,3.65757731917779,2.2,10000,5,866,871
1574376,3350,5.13923502604159,8,0.642404378255198,0.0909090909090909,0.0117936684296065,2.66869645977216,0.15,69.95,2,20,22
597223,5734,5.87184101100706,8,0.733980126375883,0.166666666666667,0.0355686970443194,3.81603472865554,0.7625,4992,2,10,12
699914,2322,5.45145120746356,8,0.681431400932945,0.0107238605898123,1.02845308592681e-05,2.16749108729376,68,10000,4,369,373
1946809,2160,7.14464726657123,8,0.893080908321403,0.125,0.0157218672729462,5.05202900000401,0.055,6200,2,14,16
167335,5159,5.07622526075296,8,0.63452815759412,0.129032258064516,0.00228602696542682,2.56966646232527,80,29700,4,27,31
167335,5156,5.25534590591278,8,0.656918238239097,0.0645161290322581,0.0108737756147115,2.71308860462758,57.5,29700,2,29,31
1378032,1803,6.42728220950181,8,0.803410276187726,0.2,0.0170664756386733,4.47712125471966,1,30000,2,8,10
440207,4322,5.63990194794298,8,0.704987743492873,0.193548387096774,2.35681631753885e-05,3,30,30000,6,25,31
1248756,2322,5.65526334410031,8,0.706907918012539,0.0155555555555556,4.465839789735e-06,2.33881855655338,3.3,720,7,443,450
1248756,5979,5.77269768778192,8,0.72158721097274,0.00888888888888889,0.000212848207024636,2.78656556465134,1.1075,677.5,4,446,450
1248756,3815,5.55623957519122,8,0.694529946898903,0.0177777777777778,1.31585173252443e-06,2.12794424674802,5.4,725,8,442,450
491688,5292,5.43566881647072,8,0.67945860205884,0.0217391304347826,0.00808360334923909,2.76186580886631,3.4525,1995.26,2,90,92
568340,5979,5.95213593319296,8,0.74401699164912,0.00756620428751576,9.87513568065913e-09,2.11776015198118,76.25,10000,6,787,793
568340,780,5.85716666344789,8,0.732145832930987,0.00252206809583859,0.000279183492044843,2.88605664769316,13,10000,2,791,793
568340,673,6.93781781082767,8,0.867227226353459,0.0126103404791929,5.96100862575253e-13,2.39794000867204,40,10000,10,783,793
568340,3815,6.82318376839166,8,0.852897971048958,0.0189155107187894,1e-15,1.73282827159699,185,10000,15,778,793
568340,440275,5.2706258464513,8,0.658828230806413,0.00252206809583859,0.000410284532678459,2.25963731050576,55,10000,2,791,793
568340,6793,5.23216032858016,8,0.65402004107252,0.00252206809583859,0.000437029625825309,2.22184874961636,60,10000,2,791,793
568340,11113,5.07422897911368,8,0.634278622389211,0.00252206809583859,0.000527271998272874,2.06048074738138,87,10000,2,791,793
205165,5159,7.35849365529162,8,0.919811706911453,0.00537634408602151,1.82711321527682e-10,3.34678748622466,4.5,10000,7,1295,1302
205165,1436,6.65403857554139,8,0.831754821942674,0.00307219662058372,1.18568592128477e-06,3.30980391997149,4.9,10000,4,1298,1302
205165,2322,8.13125694119231,8,1.01640711764904,0.0176651305683564,1e-15,3.20065945054642,6.3,10000,23,1279,1302
205165,3815,8.33665933244916,8,1.04208241655615,0.0138248847926267,1e-15,3.42021640338319,3.8,10000,18,1284,1302
205165,5156,6.97304429823693,8,0.871630537279616,0.00307219662058372,6.7528431839153e-07,3.61978875828839,2.4,10000,4,1298,1302
494834,5159,5.29063862490199,8,0.661329828112749,0.00526315789473684,7.650181368666e-05,2.14449227298398,3.8,530,5,945,950
494834,2322,6.53432477909439,8,0.816790597386798,0.0147368421052632,2.18890506692344e-11,2.26337128811144,3.04,557.5,14,936,950
494834,3815,6.42983541309877,8,0.803729426637346,0.0178947368421053,7.04508787521793e-11,2.25682633317193,3.1,560,17,933,950
494834,2324,5.15292606967277,8,0.644115758709096,0.00526315789473684,0.00148462429782934,2.24715461488113,3,530,5,945,950
597145,2322,5.08718581146419,8,0.635898226433023,0.0180940892641737,5.46842367152041e-09,1.1249387366083,1.5,20,15,814,829
692959,2322,5.07404790312108,8,0.634255987890134,0.0205761316872428,2.0003663002434e-06,1.63025419196656,1.025,43.75,10,476,486
692959,4233,6.52533920611974,8,0.815667400764967,0.037037037037037,1.04710713747526e-12,2.05611594197893,0.58,66,18,468,486
692959,780,5.07033306999719,8,0.633791633749649,0.00411522633744856,0.00566900354043883,2.26717172840301,0.2,37,2,484,486
1278902,3362,5.0790775080268,8,0.63488468850335,0.153846153846154,0.0185787107720508,2.82930377283103,6,4050,2,11,13
1248752,25,7.95178443605393,8,0.993973054506742,0.0333333333333333,1e-15,3.04575749056068,9,10000,15,435,450
1248752,3815,7.80466350806677,8,0.975582938508347,0.0177777777777778,3.11380188494327e-14,3.1322379753498,7.375,10000,8,442,450
300788,2932,5.52683420965789,8,0.690854276207237,0.15,0.00427226025339213,3.19382002601611,1.6,2500,3,17,20
350635,207,5.28231460806196,8,0.660289326007745,0.00843881856540084,9.98830318874625e-05,2.16781873308969,13.25,1950,4,470,474
1563326,2166,5.68400286671792,8,0.71050035833974,0.2,0.0216626848327317,3.66164568131221,2.125,9750,2,8,10
370923,1111,5.1130889535584,8,0.6391361191948,0.0238095238095238,0.00820426856066957,2.40646161782937,5.2575,1340.42,2,82,84
16396,3351,6.33205565982936,8,0.79150695747867,0.0714285714285714,0.00107183079220796,3.7438735775064,0.14,776.25,4,52,56
16396,3352,5.89273143705617,8,0.736591429632022,0.125,5.66103013167509e-05,3.15490195998574,0.7,1000,7,49,56
370955,1111,5.54132996288366,8,0.692666245360457,0.0147058823529412,0.00105785586557661,2.68299915499608,4.14,1995.26,3,201,204
359178,983,6.17672007714932,8,0.772090009643665,0.0253164556962025,7.51973836826152e-06,3,1,1000,2,77,79
359178,1019,5.30905089425628,8,0.663631361782035,0.0253164556962025,5.32037218685336e-05,2.19382002601611,6.4,1000,2,77,79
359178,1017,5.62687375977964,8,0.703359219972455,0.0253164556962025,2.04971594983948e-05,2.46852108295774,3.4,1000,2,77,79
42617,1956,5.67737083660249,8,0.709671354575312,0.153846153846154,0.0188424688299591,3.50360821381934,2.5,7971.65,2,11,13
475734,5347,5.31236553556579,8,0.664045691945723,0.0223880597014925,0.0018115074567284,2.49518343182908,2,625.48,3,131,134
1439146,1956,6.18600281521923,8,0.773250351902404,0.113636363636364,0.000100507961029031,3.50060235056919,0.6,1900,5,39,44
1583962,10013,5.54614264430138,8,0.693267830537672,0.142857142857143,0.00155728154721644,3.10645533091429,36,46000,3,18,21
244233,3356,5.36417298102671,8,0.670521622628339,0.181818181818182,0.0173500026738836,3.22800905832118,0.42,710,2,9,11
161001,6868,5.94475242621026,8,0.743094053276282,0.142857142857143,0.0122059338701296,3.73373211059523,6,32500,2,12,14
414372,1111,5.15302729030369,8,0.644128411287961,0.016260162601626,0.00756229883893402,2.42166695646773,6.0025,1584.89,2,121,123
363083,2322,6.79819338558211,8,0.849774173197764,0.0151843817787419,2.31767756039139e-13,2.16653130731106,43,6309.57,14,908,922
363083,5979,5.4489139805584,8,0.6811142475698,0.00759219088937093,1.64201107774377e-07,1.79588001734408,100,6250,7,915,922
363083,6795,6.0962813235949,8,0.762035165449363,0.00325379609544469,0.000166617843534975,3.1124221791863,4.4,5700,3,919,922
363083,3815,7.04408154284006,8,0.880510192855008,0.0162689804772234,1.29540484051186e-12,2.59587978023472,16,6309.57,15,907,922
363083,5156,5.20381031798105,8,0.650476289747632,0.00325379609544469,0.000363258943244052,2.17609125905568,38,5700,3,919,922
363083,202,7.23725610414316,8,0.904657013017895,0.00650759219088937,1.42816695071046e-07,3.79239168949825,1,6200,6,916,922
363083,9212,7.23725610414316,8,0.904657013017895,0.00650759219088937,1.42816695071046e-07,3.79239168949825,1,6200,6,916,922
363083,5159,5.15401466090556,8,0.644251832613195,0.00325379609544469,0.000473495205434125,2.14309099895276,41,5700,3,919,922
370916,1111,5.71357301116408,8,0.71419662639551,0.0181818181818182,0.000918763194638234,2.87495580993953,3.35,2511.89,3,162,165
548963,2159,7.10333837088314,8,0.887917296360393,0.108108108108108,0.000630296048748276,4.6754889084865,0.19,9000,4,33,37
